Node	Visual Network	Somatomotor Network	Dorsal Attention Network	Ventral Attention (or Salience) Network	Limbic Network	Frontoparietal (Control) Network	Default Mode Network
Visual Network	1.0	-0.5284999637887176	0.1979858965293849	-0.3825873427912409	-0.40523966587970406	-0.20626789844681856	-0.4123692947564467
Somatomotor Network	-0.5284999637887176	1.0	-0.12367092036602624	0.4885202620368956	0.2795832415097397	-0.22498816109230232	0.04935419711413541
Dorsal Attention Network	0.1979858965293849	-0.12367092036602624	1.0	0.3760565483854496	-0.7137593339849524	0.4837710342880655	-0.856995723968989
Ventral Attention (or Salience) Network	-0.3825873427912409	0.4885202620368956	0.3760565483854496	1.0	-0.3530310057250487	0.1502043261929113	-0.4086999949635335
Limbic Network	-0.40523966587970406	0.2795832415097397	-0.7137593339849524	-0.3530310057250487	1.0	-0.45561104867970426	0.7758625510521567
Frontoparietal (Control) Network	-0.20626789844681856	-0.22498816109230232	0.4837710342880655	0.1502043261929113	-0.45561104867970426	1.0	-0.34163857858096514
Default Mode Network	-0.4123692947564467	0.04935419711413541	-0.856995723968989	-0.4086999949635335	0.7758625510521567	-0.34163857858096514	1.0
