Node	Visual Network	Somatomotor Network	Dorsal Attention Network	Ventral Attention (or Salience) Network	Limbic Network	Frontoparietal (Control) Network	Default Mode Network
Visual Network	1.0	0.10896344537833344	0.0391818567358119	0.10608353125465537	-0.04632477120032676	-0.23172940232001016	-0.2935367357490105
Somatomotor Network	0.10896344537833344	1.0	0.060013215578624525	0.46351280358180763	-0.3236669488634118	-0.14264533150298084	-0.477200977894696
Dorsal Attention Network	0.0391818567358119	0.060013215578624525	1.0	0.4734207246175002	-0.08004260100514905	0.17656762056639744	-0.5452789523585719
Ventral Attention (or Salience) Network	0.10608353125465537	0.46351280358180763	0.4734207246175002	1.0	-0.1386898572841875	0.33791723127188134	-0.6672654218466619
Limbic Network	-0.04632477120032676	-0.3236669488634118	-0.08004260100514905	-0.1386898572841875	1.0	-0.21104079213296648	0.1693697935500979
Frontoparietal (Control) Network	-0.23172940232001016	-0.14264533150298084	0.17656762056639744	0.33791723127188134	-0.21104079213296648	1.0	-0.21955593961088687
Default Mode Network	-0.2935367357490105	-0.477200977894696	-0.5452789523585719	-0.6672654218466619	0.1693697935500979	-0.21955593961088687	1.0
