Node	Visual Network	Somatomotor Network	Dorsal Attention Network	Ventral Attention (or Salience) Network	Limbic Network	Frontoparietal (Control) Network	Default Mode Network
Visual Network	1.0	0.6675929016937372	-0.10876182541856541	0.10302207351215138	0.3796328135506814	-0.532872784346809	0.031427531008826275
Somatomotor Network	0.6675929016937372	1.0	0.02075284596490478	0.11196915754612008	0.48578823845978875	-0.5418479495431715	0.0897706958575801
Dorsal Attention Network	-0.10876182541856541	0.02075284596490478	1.0	0.37161606713098533	0.18113698917940546	0.44260188518341376	-0.08447039990959944
Ventral Attention (or Salience) Network	0.10302207351215138	0.11196915754612008	0.37161606713098533	1.0	0.3034238818892297	0.33172328539826057	-0.2944826445701791
Limbic Network	0.3796328135506814	0.48578823845978875	0.18113698917940546	0.3034238818892297	1.0	0.06800224987417383	0.4631874044570932
Frontoparietal (Control) Network	-0.532872784346809	-0.5418479495431715	0.44260188518341376	0.33172328539826057	0.06800224987417383	1.0	0.09762620814406829
Default Mode Network	0.031427531008826275	0.0897706958575801	-0.08447039990959944	-0.2944826445701791	0.4631874044570932	0.09762620814406829	1.0
