Node	Visual Network	Somatomotor Network	Dorsal Attention Network	Ventral Attention (or Salience) Network	Limbic Network	Frontoparietal (Control) Network	Default Mode Network
Visual Network	1.0	-0.09906683601543945	0.2527239607945703	-0.1311412580746668	-0.641598202492044	-0.48729739802824057	-0.5269143003638924
Somatomotor Network	-0.09906683601543945	1.0	0.11698136666840903	0.6076032584455973	-0.10394469030243964	-0.25397433913245254	-0.4573777656466891
Dorsal Attention Network	0.2527239607945703	0.11698136666840903	1.0	0.37857954649092124	-0.26677533504843837	-0.2026336510844477	-0.6972431375745577
Ventral Attention (or Salience) Network	-0.1311412580746668	0.6076032584455973	0.37857954649092124	1.0	-0.1255874688682963	-0.06254999179404823	-0.6257051996529295
Limbic Network	-0.641598202492044	-0.10394469030243964	-0.26677533504843837	-0.1255874688682963	1.0	0.4661292458071388	0.5188806119819203
Frontoparietal (Control) Network	-0.48729739802824057	-0.25397433913245254	-0.2026336510844477	-0.06254999179404823	0.4661292458071388	1.0	0.31201339009208773
Default Mode Network	-0.5269143003638924	-0.4573777656466891	-0.6972431375745577	-0.6257051996529295	0.5188806119819203	0.31201339009208773	1.0
