Node	Visual Network	Somatomotor Network	Dorsal Attention Network	Ventral Attention (or Salience) Network	Limbic Network	Frontoparietal (Control) Network	Default Mode Network
Visual Network	1.0	0.09302163020255781	-0.10709399299645327	-0.20571514901566015	0.25770222386188724	-0.48367038146038094	0.1871736820339149
Somatomotor Network	0.09302163020255781	1.0	-0.23936232850646066	0.5685047685763351	0.20547507127225142	-0.4731320805916105	-0.37611950030512187
Dorsal Attention Network	-0.10709399299645327	-0.23936232850646066	1.0	0.2216300770482511	-0.14855469599996046	0.6047834084368998	-0.5862427691463558
Ventral Attention (or Salience) Network	-0.20571514901566015	0.5685047685763351	0.2216300770482511	1.0	0.07160941505544569	-0.018790743276784542	-0.6918377955082874
Limbic Network	0.25770222386188724	0.20547507127225142	-0.14855469599996046	0.07160941505544569	1.0	-0.2420889768287483	-0.03129519679195795
Frontoparietal (Control) Network	-0.48367038146038094	-0.4731320805916105	0.6047834084368998	-0.018790743276784542	-0.2420889768287483	1.0	-0.3987151361120292
Default Mode Network	0.1871736820339149	-0.37611950030512187	-0.5862427691463558	-0.6918377955082874	-0.03129519679195795	-0.3987151361120292	1.0
