Node	Visual Network	Somatomotor Network	Dorsal Attention Network	Ventral Attention (or Salience) Network	Limbic Network	Frontoparietal (Control) Network	Default Mode Network
Visual Network	1.0	0.5618118732302133	0.1277606488426928	0.20707324011974562	0.20934740264561585	-0.49872940943970917	-0.3634548806840037
Somatomotor Network	0.5618118732302133	1.0	0.33197301360252335	0.16024589903439343	0.10598585345502098	-0.539072648044855	-0.49410587810639367
Dorsal Attention Network	0.1277606488426928	0.33197301360252335	1.0	0.4590532860317448	-0.0582749415783104	0.04121650114460877	-0.6734036996183546
Ventral Attention (or Salience) Network	0.20707324011974562	0.16024589903439343	0.4590532860317448	1.0	-0.183027716296283	-0.22903021140470364	-0.4537931407966815
Limbic Network	0.20934740264561585	0.10598585345502098	-0.0582749415783104	-0.183027716296283	1.0	-0.038811463412625556	0.19814215774564228
Frontoparietal (Control) Network	-0.49872940943970917	-0.539072648044855	0.04121650114460877	-0.22903021140470364	-0.038811463412625556	1.0	-0.0019353437036000259
Default Mode Network	-0.3634548806840037	-0.49410587810639367	-0.6734036996183546	-0.4537931407966815	0.19814215774564228	-0.0019353437036000259	1.0
