Node	Visual Network	Somatomotor Network	Dorsal Attention Network	Ventral Attention (or Salience) Network	Limbic Network	Frontoparietal (Control) Network	Default Mode Network
Visual Network	1.0	-0.22398712814727834	0.21854178682850756	-0.11909816589958142	-0.09062552506147793	0.004692503205139261	-0.204780056411506
Somatomotor Network	-0.22398712814727834	1.0	0.14546283748919742	0.4493167317942938	0.06244940814997551	-0.268792140040011	-0.4043671595187472
Dorsal Attention Network	0.21854178682850756	0.14546283748919742	1.0	0.5021112093070665	-0.35425698475546985	0.19322986185187577	-0.7206793749874647
Ventral Attention (or Salience) Network	-0.11909816589958142	0.4493167317942938	0.5021112093070665	1.0	-0.35730336733281814	0.14668566332128255	-0.6911497071702183
Limbic Network	-0.09062552506147793	0.06244940814997551	-0.35425698475546985	-0.35730336733281814	1.0	-0.403992876874499	0.4689086598153901
Frontoparietal (Control) Network	0.004692503205139261	-0.268792140040011	0.19322986185187577	0.14668566332128255	-0.403992876874499	1.0	-0.3872854624596932
Default Mode Network	-0.204780056411506	-0.4043671595187472	-0.7206793749874647	-0.6911497071702183	0.4689086598153901	-0.3872854624596932	1.0
