Node	Visual Network	Somatomotor Network	Dorsal Attention Network	Ventral Attention (or Salience) Network	Limbic Network	Frontoparietal (Control) Network	Default Mode Network
Visual Network	1.0	-0.022375511217120416	0.253759854643484	0.16352422146668227	-0.3303537103606295	0.07063414606787544	-0.6422492858389303
Somatomotor Network	-0.022375511217120416	1.0	-0.025564725467694116	0.5004537214747786	0.07408068778955447	-0.43185222506964027	-0.262472912722057
Dorsal Attention Network	0.253759854643484	-0.025564725467694116	1.0	0.037078850339312325	-0.19725482086175078	0.7160141586548027	-0.6126242149492676
Ventral Attention (or Salience) Network	0.16352422146668227	0.5004537214747786	0.037078850339312325	1.0	-0.3336827128734879	-0.15522830428138792	-0.4811079346409905
Limbic Network	-0.3303537103606295	0.07408068778955447	-0.19725482086175078	-0.3336827128734879	1.0	-0.2556351150888023	0.5044909323262748
Frontoparietal (Control) Network	0.07063414606787544	-0.43185222506964027	0.7160141586548027	-0.15522830428138792	-0.2556351150888023	1.0	-0.3535986631527607
Default Mode Network	-0.6422492858389303	-0.262472912722057	-0.6126242149492676	-0.4811079346409905	0.5044909323262748	-0.3535986631527607	1.0
