Node	Visual Network	Somatomotor Network	Dorsal Attention Network	Ventral Attention (or Salience) Network	Limbic Network	Frontoparietal (Control) Network	Default Mode Network
Visual Network	1.0	0.34208506361568564	-0.27671121249899494	-0.11845514741954981	0.3165705332194451	-0.34136733943474684	-0.19652257058368455
Somatomotor Network	0.34208506361568564	1.0	0.01919208831915023	0.4971241033139123	0.23875482329255088	-0.5289428423949516	-0.6121308441716812
Dorsal Attention Network	-0.27671121249899494	0.01919208831915023	1.0	0.3647463825333152	-0.28996571826453854	0.12963248163949426	-0.5692799841383676
Ventral Attention (or Salience) Network	-0.11845514741954981	0.4971241033139123	0.3647463825333152	1.0	0.04410425702100975	-0.37786057634546044	-0.5770901656617966
Limbic Network	0.3165705332194451	0.23875482329255088	-0.28996571826453854	0.04410425702100975	1.0	-0.24809414194346474	-0.09759345233070094
Frontoparietal (Control) Network	-0.34136733943474684	-0.5289428423949516	0.12963248163949426	-0.37786057634546044	-0.24809414194346474	1.0	0.2105489150180017
Default Mode Network	-0.19652257058368455	-0.6121308441716812	-0.5692799841383676	-0.5770901656617966	-0.09759345233070094	0.2105489150180017	1.0
