Node	Visual Network	Somatomotor Network	Dorsal Attention Network	Ventral Attention (or Salience) Network	Limbic Network	Frontoparietal (Control) Network	Default Mode Network
Visual Network	1.0	0.0661013006103521	-0.297403628952258	-0.01524780549039186	-0.013779297467609149	-0.19155020585056137	0.11078267669394465
Somatomotor Network	0.0661013006103521	1.0	-0.11300628840214119	0.4001841366750325	0.33616377718534307	-0.2970266852628757	-0.44998134501911385
Dorsal Attention Network	-0.297403628952258	-0.11300628840214119	1.0	0.3332634221772927	-0.08150695900720123	0.5949784921164429	-0.5660470689642839
Ventral Attention (or Salience) Network	-0.01524780549039186	0.4001841366750325	0.3332634221772927	1.0	-0.04830759661346315	0.23649767743068237	-0.5305505963097675
Limbic Network	-0.013779297467609149	0.33616377718534307	-0.08150695900720123	-0.04830759661346315	1.0	-0.2355189285859063	-0.09680621825496526
Frontoparietal (Control) Network	-0.19155020585056137	-0.2970266852628757	0.5949784921164429	0.23649767743068237	-0.2355189285859063	1.0	-0.3282372863819911
Default Mode Network	0.11078267669394465	-0.44998134501911385	-0.5660470689642839	-0.5305505963097675	-0.09680621825496526	-0.3282372863819911	1.0
