Node	Visual Network	Somatomotor Network	Dorsal Attention Network	Ventral Attention (or Salience) Network	Limbic Network	Frontoparietal (Control) Network	Default Mode Network
Visual Network	1.0	-0.24781208898576687	0.28810743830063223	-0.002062263942848859	0.07282516827232706	-0.29733290216577896	-0.5305587918095822
Somatomotor Network	-0.24781208898576687	1.0	-0.06010575472029452	0.16173629853705215	-0.09410308952076703	-0.17999907627028344	0.10548852178258715
Dorsal Attention Network	0.28810743830063223	-0.06010575472029452	1.0	0.5949055421806657	-0.027974058156517333	0.211487033522705	-0.7322963654590984
Ventral Attention (or Salience) Network	-0.002062263942848859	0.16173629853705215	0.5949055421806657	1.0	-0.08602808659659812	0.11812743582219083	-0.6507726052205097
Limbic Network	0.07282516827232706	-0.09410308952076703	-0.027974058156517333	-0.08602808659659812	1.0	-0.18937561496366007	0.13418697944439698
Frontoparietal (Control) Network	-0.29733290216577896	-0.17999907627028344	0.211487033522705	0.11812743582219083	-0.18937561496366007	1.0	-0.15302156339402884
Default Mode Network	-0.5305587918095822	0.10548852178258715	-0.7322963654590984	-0.6507726052205097	0.13418697944439698	-0.15302156339402884	1.0
