Node	Visual Network	Somatomotor Network	Dorsal Attention Network	Ventral Attention (or Salience) Network	Limbic Network	Frontoparietal (Control) Network	Default Mode Network
Visual Network	1.0	-0.2202947785405662	0.31683086345552874	-0.09730286658382283	-0.24608504377877077	-0.4417836622485542	-0.5194533197426471
Somatomotor Network	-0.2202947785405662	1.0	-0.04806775671903314	0.7090040394523193	-0.03119513794704468	-0.336563964718063	-0.19617675615612537
Dorsal Attention Network	0.31683086345552874	-0.04806775671903314	1.0	0.21237895864950815	-0.4682558741590818	0.3261250312444876	-0.782281033063145
Ventral Attention (or Salience) Network	-0.09730286658382283	0.7090040394523193	0.21237895864950815	1.0	-0.10133166259808923	-0.13859210241585418	-0.5178303292198603
Limbic Network	-0.24608504377877077	-0.03119513794704468	-0.4682558741590818	-0.10133166259808923	1.0	-0.2130277983854756	0.5208429339224688
Frontoparietal (Control) Network	-0.4417836622485542	-0.336563964718063	0.3261250312444876	-0.13859210241585418	-0.2130277983854756	1.0	-0.021253708196478167
Default Mode Network	-0.5194533197426471	-0.19617675615612537	-0.782281033063145	-0.5178303292198603	0.5208429339224688	-0.021253708196478167	1.0
