Node	Visual Network	Somatomotor Network	Dorsal Attention Network	Ventral Attention (or Salience) Network	Limbic Network	Frontoparietal (Control) Network	Default Mode Network
Visual Network	1.0	0.09994173759971577	-0.0028857813837698154	-0.05597531738603375	-0.4565546963285461	-0.4704853636844904	-0.20252495268647924
Somatomotor Network	0.09994173759971577	1.0	-0.06418594188985732	0.3686317276766502	-0.09992494657074887	-0.3490184612477751	-0.3233622034500898
Dorsal Attention Network	-0.0028857813837698154	-0.06418594188985732	1.0	0.2718333594155991	-0.3073615142312798	0.0554087702641825	-0.5177731483785697
Ventral Attention (or Salience) Network	-0.05597531738603375	0.3686317276766502	0.2718333594155991	1.0	-0.12737664215173983	0.23157855773431393	-0.6089863896759653
Limbic Network	-0.4565546963285461	-0.09992494657074887	-0.3073615142312798	-0.12737664215173983	1.0	0.3774083087610283	0.5406157958815265
Frontoparietal (Control) Network	-0.4704853636844904	-0.3490184612477751	0.0554087702641825	0.23157855773431393	0.3774083087610283	1.0	-0.04729078812277465
Default Mode Network	-0.20252495268647924	-0.3233622034500898	-0.5177731483785697	-0.6089863896759653	0.5406157958815265	-0.04729078812277465	1.0
