Node	Visual Network	Somatomotor Network	Dorsal Attention Network	Ventral Attention (or Salience) Network	Limbic Network	Frontoparietal (Control) Network	Default Mode Network
Visual Network	1.0	-0.20120754085797762	0.24605643629811305	-0.4705535118904267	-0.5167108335040241	-0.3728874808059219	-0.33263401072917614
Somatomotor Network	-0.20120754085797762	1.0	-0.14297775450919945	0.5015096953381962	0.18589059250351084	-0.3328193842215645	-0.17613799850542622
Dorsal Attention Network	0.24605643629811305	-0.14297775450919945	1.0	0.06136108042540093	-0.20602359567080422	0.12335120562163804	-0.713904011093613
Ventral Attention (or Salience) Network	-0.4705535118904267	0.5015096953381962	0.06136108042540093	1.0	0.05469284727131277	0.14419763434742336	-0.356561880379361
Limbic Network	-0.5167108335040241	0.18589059250351084	-0.20602359567080422	0.05469284727131277	1.0	-0.03614821693024683	0.38113631897838374
Frontoparietal (Control) Network	-0.3728874808059219	-0.3328193842215645	0.12335120562163804	0.14419763434742336	-0.03614821693024683	1.0	-0.18421411199840626
Default Mode Network	-0.33263401072917614	-0.17613799850542622	-0.713904011093613	-0.356561880379361	0.38113631897838374	-0.18421411199840626	1.0
