Node	Visual Network	Somatomotor Network	Dorsal Attention Network	Ventral Attention (or Salience) Network	Limbic Network	Frontoparietal (Control) Network	Default Mode Network
Visual Network	1.0	0.07279562807644263	0.08066489915205902	-0.3848271769059894	0.16922398292699597	-0.4444945789495906	-0.08115915856915526
Somatomotor Network	0.07279562807644263	1.0	0.14242763335303724	0.5299868081849568	-0.3344616782513354	-0.018975188635515904	-0.6889020513057875
Dorsal Attention Network	0.08066489915205902	0.14242763335303724	1.0	0.4705594270253398	-0.25639451025396776	0.32126522215510955	-0.6935438979614948
Ventral Attention (or Salience) Network	-0.3848271769059894	0.5299868081849568	0.4705594270253398	1.0	-0.6182149358009145	0.25792610417483985	-0.7189518649161182
Limbic Network	0.16922398292699597	-0.3344616782513354	-0.25639451025396776	-0.6182149358009145	1.0	-0.211207040816338	0.5118172352783554
Frontoparietal (Control) Network	-0.4444945789495906	-0.018975188635515904	0.32126522215510955	0.25792610417483985	-0.211207040816338	1.0	-0.2706892556859156
Default Mode Network	-0.08115915856915526	-0.6889020513057875	-0.6935438979614948	-0.7189518649161182	0.5118172352783554	-0.2706892556859156	1.0
