Node	Visual Network	Somatomotor Network	Dorsal Attention Network	Ventral Attention (or Salience) Network	Limbic Network	Frontoparietal (Control) Network	Default Mode Network
Visual Network	1.0	0.23221468629543446	0.3419399840795899	-0.040025620263849725	-0.24324566825159086	-0.5843002918766279	-0.665799103468491
Somatomotor Network	0.23221468629543446	1.0	0.06958706863280689	0.4007237254369521	0.1430235306911297	-0.6062631266668039	-0.47353811857672906
Dorsal Attention Network	0.3419399840795899	0.06958706863280689	1.0	-0.22437586680615565	-0.24071608278911882	0.07092894039253689	-0.6352623620838442
Ventral Attention (or Salience) Network	-0.040025620263849725	0.4007237254369521	-0.22437586680615565	1.0	-0.06674568035563337	-0.35694308495210614	-0.12680396855718656
Limbic Network	-0.24324566825159086	0.1430235306911297	-0.24071608278911882	-0.06674568035563337	1.0	-0.16789445662297006	0.14229606365133896
Frontoparietal (Control) Network	-0.5843002918766279	-0.6062631266668039	0.07092894039253689	-0.35694308495210614	-0.16789445662297006	1.0	0.377770123757071
Default Mode Network	-0.665799103468491	-0.47353811857672906	-0.6352623620838442	-0.12680396855718656	0.14229606365133896	0.377770123757071	1.0
