Node	Visual Network	Somatomotor Network	Dorsal Attention Network	Ventral Attention (or Salience) Network	Limbic Network	Frontoparietal (Control) Network	Default Mode Network
Visual Network	1.0	-0.21885641611410503	0.489381365859588	-0.1368291700043791	-0.18039506049783996	-0.07939843033400111	-0.44331327712510926
Somatomotor Network	-0.21885641611410503	1.0	-0.21752712016579814	0.3865954487297251	0.13516688830540277	-0.40766946606052995	-0.08410025855288761
Dorsal Attention Network	0.489381365859588	-0.21752712016579814	1.0	0.03790133568918018	-0.37590656489902396	0.243758988143347	-0.5835238151549424
Ventral Attention (or Salience) Network	-0.1368291700043791	0.3865954487297251	0.03790133568918018	1.0	-0.11013703463421926	0.030800752244754252	-0.3230986746164594
Limbic Network	-0.18039506049783996	0.13516688830540277	-0.37590656489902396	-0.11013703463421926	1.0	-0.3222744441871874	0.39218295256736874
Frontoparietal (Control) Network	-0.07939843033400111	-0.40766946606052995	0.243758988143347	0.030800752244754252	-0.3222744441871874	1.0	-0.263255115903273
Default Mode Network	-0.44331327712510926	-0.08410025855288761	-0.5835238151549424	-0.3230986746164594	0.39218295256736874	-0.263255115903273	1.0
