Node	Visual Network	Somatomotor Network	Dorsal Attention Network	Ventral Attention (or Salience) Network	Limbic Network	Frontoparietal (Control) Network	Default Mode Network
Visual Network	1.0	-0.06823414193209634	0.3182899104980591	0.042186856593496	-0.4936764516955754	-0.5429305489932844	-0.44338713623427406
Somatomotor Network	-0.06823414193209634	1.0	0.28689838629927605	0.4164040152542429	-0.20030566484312298	-0.308766464484837	-0.38468383881167506
Dorsal Attention Network	0.3182899104980591	0.28689838629927605	1.0	0.5590835548296718	-0.6472448433444942	0.05953767882480691	-0.7809351370975492
Ventral Attention (or Salience) Network	0.042186856593496	0.4164040152542429	0.5590835548296718	1.0	-0.2992153465919234	0.03565262242742601	-0.6551879793326344
Limbic Network	-0.4936764516955754	-0.20030566484312298	-0.6472448433444942	-0.2992153465919234	1.0	0.22354767686657204	0.758597139860133
Frontoparietal (Control) Network	-0.5429305489932844	-0.308766464484837	0.05953767882480691	0.03565262242742601	0.22354767686657204	1.0	0.1727783967342906
Default Mode Network	-0.44338713623427406	-0.38468383881167506	-0.7809351370975492	-0.6551879793326344	0.758597139860133	0.1727783967342906	1.0
