Node	Visual Network	Somatomotor Network	Dorsal Attention Network	Ventral Attention (or Salience) Network	Limbic Network	Frontoparietal (Control) Network	Default Mode Network
Visual Network	1.0	0.19023432836464282	-0.19443286280912198	0.1166238704574869	0.08158422982087982	-0.43964026133620504	-0.3221009501352296
Somatomotor Network	0.19023432836464282	1.0	0.11522286441277732	0.1829914747248581	-0.020699940162562887	-0.45712781696880495	-0.3384320268336372
Dorsal Attention Network	-0.19443286280912198	0.11522286441277732	1.0	0.6009309451257692	-0.6020721615468777	0.22901893855257352	-0.620359507090445
Ventral Attention (or Salience) Network	0.1166238704574869	0.1829914747248581	0.6009309451257692	1.0	-0.6080577334650376	0.21425109967679504	-0.7119213329612963
Limbic Network	0.08158422982087982	-0.020699940162562887	-0.6020721615468777	-0.6080577334650376	1.0	-0.3018902338712024	0.39149687660677646
Frontoparietal (Control) Network	-0.43964026133620504	-0.45712781696880495	0.22901893855257352	0.21425109967679504	-0.3018902338712024	1.0	-0.051497668348169864
Default Mode Network	-0.3221009501352296	-0.3384320268336372	-0.620359507090445	-0.7119213329612963	0.39149687660677646	-0.051497668348169864	1.0
