Node	Visual Network	Somatomotor Network	Dorsal Attention Network	Ventral Attention (or Salience) Network	Limbic Network	Frontoparietal (Control) Network	Default Mode Network
Visual Network	1.0	-0.049821295238170825	0.15527576646767474	-0.27023790730759006	-0.33178296204651797	-0.21609610551339795	-0.4945157693569173
Somatomotor Network	-0.049821295238170825	1.0	0.24786610079635116	0.5447692453544846	-0.27086206247343814	-0.5386673770993997	-0.421477331483815
Dorsal Attention Network	0.15527576646767474	0.24786610079635116	1.0	0.4900650896439404	-0.1786755786182247	0.058780651749978714	-0.7470446020357407
Ventral Attention (or Salience) Network	-0.27023790730759006	0.5447692453544846	0.4900650896439404	1.0	-0.21528369936118827	-0.08576191462645961	-0.4080714863396715
Limbic Network	-0.33178296204651797	-0.27086206247343814	-0.1786755786182247	-0.21528369936118827	1.0	-0.0030675777973121292	0.5534933788703185
Frontoparietal (Control) Network	-0.21609610551339795	-0.5386673770993997	0.058780651749978714	-0.08576191462645961	-0.0030675777973121292	1.0	0.08356486079927582
Default Mode Network	-0.4945157693569173	-0.421477331483815	-0.7470446020357407	-0.4080714863396715	0.5534933788703185	0.08356486079927582	1.0
