Node	Visual Network	Somatomotor Network	Dorsal Attention Network	Ventral Attention (or Salience) Network	Limbic Network	Frontoparietal (Control) Network	Default Mode Network
Visual Network	1.0	0.004164210131906847	0.2522852175658221	0.3054192227493499	-0.45431053904919444	-0.30261056733841535	-0.4830812720489572
Somatomotor Network	0.004164210131906847	1.0	0.19268092237881143	0.5111248563463442	-0.10875538879067645	-0.022241184429962826	-0.4103965107029736
Dorsal Attention Network	0.2522852175658221	0.19268092237881143	1.0	0.4961860573680586	-0.15781265615773044	0.42746130287116574	-0.686997175850414
Ventral Attention (or Salience) Network	0.3054192227493499	0.5111248563463442	0.4961860573680586	1.0	-0.36712445117776077	0.21901038665028633	-0.8130322294321769
Limbic Network	-0.45431053904919444	-0.10875538879067645	-0.15781265615773044	-0.36712445117776077	1.0	0.07221756094602137	0.35548230972609396
Frontoparietal (Control) Network	-0.30261056733841535	-0.022241184429962826	0.42746130287116574	0.21901038665028633	0.07221756094602137	1.0	-0.28795770797944353
Default Mode Network	-0.4830812720489572	-0.4103965107029736	-0.686997175850414	-0.8130322294321769	0.35548230972609396	-0.28795770797944353	1.0
