Node	Visual Network	Somatomotor Network	Dorsal Attention Network	Ventral Attention (or Salience) Network	Limbic Network	Frontoparietal (Control) Network	Default Mode Network
Visual Network	1.0	0.22872076457951793	0.16236404607054591	0.13109818134707452	-0.0157167672710458	-0.44064219145243727	-0.3495053848005483
Somatomotor Network	0.22872076457951793	1.0	0.4007275770974383	0.6566005633609485	-0.06630716645295417	-0.2102281400870114	-0.706554221291556
Dorsal Attention Network	0.16236404607054591	0.4007275770974383	1.0	0.5031570820558197	0.2510310035947566	-0.3693184953344206	-0.46277247802835064
Ventral Attention (or Salience) Network	0.13109818134707452	0.6566005633609485	0.5031570820558197	1.0	0.12383184823888917	-0.24954478932056834	-0.7054358325554005
Limbic Network	-0.0157167672710458	-0.06630716645295417	0.2510310035947566	0.12383184823888917	1.0	-0.00035312056063384974	0.07301182762830367
Frontoparietal (Control) Network	-0.44064219145243727	-0.2102281400870114	-0.3693184953344206	-0.24954478932056834	-0.00035312056063384974	1.0	-0.05104599185748352
Default Mode Network	-0.3495053848005483	-0.706554221291556	-0.46277247802835064	-0.7054358325554005	0.07301182762830367	-0.05104599185748352	1.0
