Node	Visual Network	Somatomotor Network	Dorsal Attention Network	Ventral Attention (or Salience) Network	Limbic Network	Frontoparietal (Control) Network	Default Mode Network
Visual Network	1.0	0.12823017319988192	-0.15745555421758417	-0.24176958815684155	0.2650833006799458	-0.1842881361054177	-0.0339746181459072
Somatomotor Network	0.12823017319988192	1.0	-0.16056827315415684	0.200319268221512	0.18986091223875362	-0.2655931248468375	-0.18725543787093607
Dorsal Attention Network	-0.15745555421758417	-0.16056827315415684	1.0	0.28654295919000705	-0.4627155981790634	0.534623283276271	-0.6653079997937993
Ventral Attention (or Salience) Network	-0.24176958815684155	0.200319268221512	0.28654295919000705	1.0	-0.3966165459388464	0.1370514684225151	-0.5002437178155448
Limbic Network	0.2650833006799458	0.18986091223875362	-0.4627155981790634	-0.3966165459388464	1.0	-0.04671390853052395	0.544269965952199
Frontoparietal (Control) Network	-0.1842881361054177	-0.2655931248468375	0.534623283276271	0.1370514684225151	-0.04671390853052395	1.0	-0.12065770654892227
Default Mode Network	-0.0339746181459072	-0.18725543787093607	-0.6653079997937993	-0.5002437178155448	0.544269965952199	-0.12065770654892227	1.0
