Node	Visual Network	Somatomotor Network	Dorsal Attention Network	Ventral Attention (or Salience) Network	Limbic Network	Frontoparietal (Control) Network	Default Mode Network
Visual Network	1.0	-0.07893555480899621	0.4901680429643243	0.23748435982247904	-0.26607306067318687	-0.25794465959497015	-0.6393202692676295
Somatomotor Network	-0.07893555480899621	1.0	0.2961104018560036	0.6173496710414315	0.29720618928410875	-0.5931953010937977	-0.4209468399836308
Dorsal Attention Network	0.4901680429643243	0.2961104018560036	1.0	0.4969685373875704	-0.03480470683134971	-0.225140982452234	-0.7947539459261473
Ventral Attention (or Salience) Network	0.23748435982247904	0.6173496710414315	0.4969685373875704	1.0	-0.13961072701706115	-0.25579468854772924	-0.7327600390010534
Limbic Network	-0.26607306067318687	0.29720618928410875	-0.03480470683134971	-0.13961072701706115	1.0	-0.36605384636285676	0.2293377101975589
Frontoparietal (Control) Network	-0.25794465959497015	-0.5931953010937977	-0.225140982452234	-0.25579468854772924	-0.36605384636285676	1.0	0.22501748233078775
Default Mode Network	-0.6393202692676295	-0.4209468399836308	-0.7947539459261473	-0.7327600390010534	0.2293377101975589	0.22501748233078775	1.0
