Node	Visual Network	Somatomotor Network	Dorsal Attention Network	Ventral Attention (or Salience) Network	Limbic Network	Frontoparietal (Control) Network	Default Mode Network
Visual Network	1.0	0.41885443010669055	-0.15882894276538406	0.29434364257214746	0.04086753961602303	-0.6299968928317751	-0.4434197549994866
Somatomotor Network	0.41885443010669055	1.0	-0.04595061037004565	0.48464317410817725	0.12042236147554769	-0.6060170304241991	-0.425770983692143
Dorsal Attention Network	-0.15882894276538406	-0.04595061037004565	1.0	-0.028996626245253926	0.0008520926942218499	0.39663325059056304	-0.5458385067578188
Ventral Attention (or Salience) Network	0.29434364257214746	0.48464317410817725	-0.028996626245253926	1.0	0.20823164496760596	-0.33238627771721707	-0.44918741875150003
Limbic Network	0.04086753961602303	0.12042236147554769	0.0008520926942218499	0.20823164496760596	1.0	-0.23111282306622172	0.03438879280870648
Frontoparietal (Control) Network	-0.6299968928317751	-0.6060170304241991	0.39663325059056304	-0.33238627771721707	-0.23111282306622172	1.0	0.18641363847938053
Default Mode Network	-0.4434197549994866	-0.425770983692143	-0.5458385067578188	-0.44918741875150003	0.03438879280870648	0.18641363847938053	1.0
