Node	Visual Network	Somatomotor Network	Dorsal Attention Network	Ventral Attention (or Salience) Network	Limbic Network	Frontoparietal (Control) Network	Default Mode Network
Visual Network	1.0	-0.20200387690934074	0.49179834270707723	0.023818491816142283	-0.49935357602591846	-0.6695872798447731	-0.6488511313120131
Somatomotor Network	-0.20200387690934074	1.0	0.2598197546051634	0.7487286831474318	-0.26285044874300834	-0.13247961078754583	-0.431300929726678
Dorsal Attention Network	0.49179834270707723	0.2598197546051634	1.0	0.4250217704952279	-0.6099286426208483	-0.36480069995218317	-0.8151210076345548
Ventral Attention (or Salience) Network	0.023818491816142283	0.7487286831474318	0.4250217704952279	1.0	-0.38728689524924564	-0.3153873168688557	-0.5358006945320436
Limbic Network	-0.49935357602591846	-0.26285044874300834	-0.6099286426208483	-0.38728689524924564	1.0	0.21726991243854685	0.7628091543242961
Frontoparietal (Control) Network	-0.6695872798447731	-0.13247961078754583	-0.36480069995218317	-0.3153873168688557	0.21726991243854685	1.0	0.4683824336519414
Default Mode Network	-0.6488511313120131	-0.431300929726678	-0.8151210076345548	-0.5358006945320436	0.7628091543242961	0.4683824336519414	1.0
