Node	Visual Network	Somatomotor Network	Dorsal Attention Network	Ventral Attention (or Salience) Network	Limbic Network	Frontoparietal (Control) Network	Default Mode Network
Visual Network	1.0	-3.3154040954432054e-05	0.010075370266931992	-0.03792500748728539	-0.49094863865281185	-0.22265820386748159	-0.5208208460568754
Somatomotor Network	-3.3154040954432054e-05	1.0	-0.3125597797990643	0.2531505524080832	0.24333679366064	-0.4226934560975006	-0.20999648934496723
Dorsal Attention Network	0.010075370266931992	-0.3125597797990643	1.0	0.17633752690330054	-0.3380933981454991	0.3240115735693683	-0.38820876336746934
Ventral Attention (or Salience) Network	-0.03792500748728539	0.2531505524080832	0.17633752690330054	1.0	-0.18878683542840438	-0.17306796324744514	-0.09594943403183658
Limbic Network	-0.49094863865281185	0.24333679366064	-0.3380933981454991	-0.18878683542840438	1.0	-0.27204660367561934	0.44303878207612696
Frontoparietal (Control) Network	-0.22265820386748159	-0.4226934560975006	0.3240115735693683	-0.17306796324744514	-0.27204660367561934	1.0	-0.17075904079138027
Default Mode Network	-0.5208208460568754	-0.20999648934496723	-0.38820876336746934	-0.09594943403183658	0.44303878207612696	-0.17075904079138027	1.0
