Node	Visual Network	Somatomotor Network	Dorsal Attention Network	Ventral Attention (or Salience) Network	Limbic Network	Frontoparietal (Control) Network	Default Mode Network
Visual Network	1.0	-0.08710123736648047	0.0868671153417384	-0.3042033341178541	-0.10290866253237616	-0.009617128196091652	-0.2663479744015728
Somatomotor Network	-0.08710123736648047	1.0	0.19520716215952685	0.6082200083329254	-0.3931257192245478	-0.18896508701152043	-0.5618848105961242
Dorsal Attention Network	0.0868671153417384	0.19520716215952685	1.0	0.3204707187355263	-0.30344643366314217	0.3610563906457031	-0.5984878376996989
Ventral Attention (or Salience) Network	-0.3042033341178541	0.6082200083329254	0.3204707187355263	1.0	-0.45539235425867136	-0.11147130229379992	-0.4053613443365248
Limbic Network	-0.10290866253237616	-0.3931257192245478	-0.30344643366314217	-0.45539235425867136	1.0	-0.13083805604525808	0.47944537531375875
Frontoparietal (Control) Network	-0.009617128196091652	-0.18896508701152043	0.3610563906457031	-0.11147130229379992	-0.13083805604525808	1.0	-0.28542294217910974
Default Mode Network	-0.2663479744015728	-0.5618848105961242	-0.5984878376996989	-0.4053613443365248	0.47944537531375875	-0.28542294217910974	1.0
