Node	Visual Network	Somatomotor Network	Dorsal Attention Network	Ventral Attention (or Salience) Network	Limbic Network	Frontoparietal (Control) Network	Default Mode Network
Visual Network	1.0	0.4408530303307605	0.17321034977621128	0.4159301242605812	-0.4134060809752202	-0.4184420337742639	-0.6113213026386786
Somatomotor Network	0.4408530303307605	1.0	-0.0506659537388843	0.4041314151314853	-0.09409240124756398	-0.5666673973568515	-0.45215141028517286
Dorsal Attention Network	0.17321034977621128	-0.0506659537388843	1.0	0.5573278355338923	-0.35014450711770456	0.27883272784011565	-0.660199679285922
Ventral Attention (or Salience) Network	0.4159301242605812	0.4041314151314853	0.5573278355338923	1.0	-0.41754720213868174	-0.13313467976792104	-0.8478596763344246
Limbic Network	-0.4134060809752202	-0.09409240124756398	-0.35014450711770456	-0.41754720213868174	1.0	-0.03452721419910776	0.518441436493361
Frontoparietal (Control) Network	-0.4184420337742639	-0.5666673973568515	0.27883272784011565	-0.13313467976792104	-0.03452721419910776	1.0	0.09254723759586038
Default Mode Network	-0.6113213026386786	-0.45215141028517286	-0.660199679285922	-0.8478596763344246	0.518441436493361	0.09254723759586038	1.0
