Node	Visual Network	Somatomotor Network	Dorsal Attention Network	Ventral Attention (or Salience) Network	Limbic Network	Frontoparietal (Control) Network	Default Mode Network
Visual Network	1.0	0.7847856942818625	0.04718971232909243	0.038378783375165273	-0.4242789552717968	-0.5162472545458823	-0.6268959212055187
Somatomotor Network	0.7847856942818625	1.0	0.21923986155782535	0.40574119965771605	-0.30880152675758676	-0.4882966285711655	-0.7257766298443536
Dorsal Attention Network	0.04718971232909243	0.21923986155782535	1.0	0.5157904956040398	-0.36017541073069403	0.1372899368901569	-0.6273562094228887
Ventral Attention (or Salience) Network	0.038378783375165273	0.40574119965771605	0.5157904956040398	1.0	-0.25882112282139086	-0.16571908018537634	-0.48445826437479117
Limbic Network	-0.4242789552717968	-0.30880152675758676	-0.36017541073069403	-0.25882112282139086	1.0	-0.013140886670262843	0.5507031897980544
Frontoparietal (Control) Network	-0.5162472545458823	-0.4882966285711655	0.1372899368901569	-0.16571908018537634	-0.013140886670262843	1.0	0.006956652156693759
Default Mode Network	-0.6268959212055187	-0.7257766298443536	-0.6273562094228887	-0.48445826437479117	0.5507031897980544	0.006956652156693759	1.0
