Node	Visual Network	Somatomotor Network	Dorsal Attention Network	Ventral Attention (or Salience) Network	Limbic Network	Frontoparietal (Control) Network	Default Mode Network
Visual Network	1.0	-0.07192958894223049	-0.012146026059903314	-0.21921956408540993	0.12381561674922308	-0.5704906557160107	-0.3809437637952519
Somatomotor Network	-0.07192958894223049	1.0	0.061208552401659566	0.4417563286510709	0.22216335501706383	-0.27752734889896014	-0.3328660072721204
Dorsal Attention Network	-0.012146026059903314	0.061208552401659566	1.0	0.40300158965272004	-0.2261834798737088	0.312294692243542	-0.7254639082734253
Ventral Attention (or Salience) Network	-0.21921956408540993	0.4417563286510709	0.40300158965272004	1.0	0.0175326479040435	0.13695378498117888	-0.5701554755030409
Limbic Network	0.12381561674922308	0.22216335501706383	-0.2261834798737088	0.0175326479040435	1.0	-0.6340529106042377	0.14433565755721287
Frontoparietal (Control) Network	-0.5704906557160107	-0.27752734889896014	0.312294692243542	0.13695378498117888	-0.6340529106042377	1.0	-0.04414975516133088
Default Mode Network	-0.3809437637952519	-0.3328660072721204	-0.7254639082734253	-0.5701554755030409	0.14433565755721287	-0.04414975516133088	1.0
