Node	Visual Network	Somatomotor Network	Dorsal Attention Network	Ventral Attention (or Salience) Network	Limbic Network	Frontoparietal (Control) Network	Default Mode Network
Visual Network	1.0	0.3576862323023209	0.33148914077350194	0.1032864725828455	0.0452290440723285	-0.1956758958893948	0.051207486065881026
Somatomotor Network	0.3576862323023209	1.0	0.23221983716691919	0.5676148994046957	-0.23546017096661082	-0.3168767180811984	-0.23283045198444122
Dorsal Attention Network	0.33148914077350194	0.23221983716691919	1.0	0.5067815723686991	-0.10055051201007949	0.27542789097828196	-0.5138893367784342
Ventral Attention (or Salience) Network	0.1032864725828455	0.5676148994046957	0.5067815723686991	1.0	-0.341621535530444	-0.017889870169773704	-0.66214915814581
Limbic Network	0.0452290440723285	-0.23546017096661082	-0.10055051201007949	-0.341621535530444	1.0	-0.02302577024365732	0.5063358340968573
Frontoparietal (Control) Network	-0.1956758958893948	-0.3168767180811984	0.27542789097828196	-0.017889870169773704	-0.02302577024365732	1.0	0.100405295657108
Default Mode Network	0.051207486065881026	-0.23283045198444122	-0.5138893367784342	-0.66214915814581	0.5063358340968573	0.100405295657108	1.0
