Node	Visual Network	Somatomotor Network	Dorsal Attention Network	Ventral Attention (or Salience) Network	Limbic Network	Frontoparietal (Control) Network	Default Mode Network
Visual Network	1.0	-0.4175729476317436	0.3590218447747584	-0.14260730277932035	-0.6695994846344202	-0.08405420175290408	-0.6742298763007295
Somatomotor Network	-0.4175729476317436	1.0	-0.013216709552008087	0.6695607912817462	0.3100761033830021	-0.47877545898580876	0.015908985864969635
Dorsal Attention Network	0.3590218447747584	-0.013216709552008087	1.0	0.3671413503976581	-0.35324861595900203	-0.014997206593420588	-0.7582020520947027
Ventral Attention (or Salience) Network	-0.14260730277932035	0.6695607912817462	0.3671413503976581	1.0	0.00555462408849041	-0.34960974082861673	-0.3787274547239784
Limbic Network	-0.6695994846344202	0.3100761033830021	-0.35324861595900203	0.00555462408849041	1.0	-0.12611719228032547	0.5741946666872518
Frontoparietal (Control) Network	-0.08405420175290408	-0.47877545898580876	-0.014997206593420588	-0.34960974082861673	-0.12611719228032547	1.0	-0.0069667441888331
Default Mode Network	-0.6742298763007295	0.015908985864969635	-0.7582020520947027	-0.3787274547239784	0.5741946666872518	-0.0069667441888331	1.0
