Node	Visual Network	Somatomotor Network	Dorsal Attention Network	Ventral Attention (or Salience) Network	Limbic Network	Frontoparietal (Control) Network	Default Mode Network
Visual Network	1.0	0.5280324142774364	0.06489175163286402	-0.0731645011216463	-0.04099659110354778	-0.19803684127282367	-0.03457112916674448
Somatomotor Network	0.5280324142774364	1.0	-0.1182125912169299	0.36203325844521095	-0.039961200956162166	-0.5650288020969466	-0.14845178723824348
Dorsal Attention Network	0.06489175163286402	-0.1182125912169299	1.0	0.2042621213783195	-0.3044290096447322	0.3899732979812158	-0.7167769233088247
Ventral Attention (or Salience) Network	-0.0731645011216463	0.36203325844521095	0.2042621213783195	1.0	-0.5073234138037505	-0.2288874072395857	-0.6797791558294333
Limbic Network	-0.04099659110354778	-0.039961200956162166	-0.3044290096447322	-0.5073234138037505	1.0	-0.24850297686065556	0.541477644718911
Frontoparietal (Control) Network	-0.19803684127282367	-0.5650288020969466	0.3899732979812158	-0.2288874072395857	-0.24850297686065556	1.0	-0.07594116495012973
Default Mode Network	-0.03457112916674448	-0.14845178723824348	-0.7167769233088247	-0.6797791558294333	0.541477644718911	-0.07594116495012973	1.0
