Node	Visual Network	Somatomotor Network	Dorsal Attention Network	Ventral Attention (or Salience) Network	Limbic Network	Frontoparietal (Control) Network	Default Mode Network
Visual Network	1.0	0.2527360165850652	0.20109716292594687	0.15373844723670146	-0.15225290081081222	-0.5174776829521543	-0.3489143897744882
Somatomotor Network	0.2527360165850652	1.0	0.10674925571058744	0.39275818199419266	-0.324020118537951	-0.281489215669532	-0.36905371274014415
Dorsal Attention Network	0.20109716292594687	0.10674925571058744	1.0	0.6201560721379722	-0.3679607392613522	0.35811331095742566	-0.7600851375141395
Ventral Attention (or Salience) Network	0.15373844723670146	0.39275818199419266	0.6201560721379722	1.0	-0.5551372273303525	0.17305913905777756	-0.6973399807182612
Limbic Network	-0.15225290081081222	-0.324020118537951	-0.3679607392613522	-0.5551372273303525	1.0	-0.005102773095927324	0.4753142963259749
Frontoparietal (Control) Network	-0.5174776829521543	-0.281489215669532	0.35811331095742566	0.17305913905777756	-0.005102773095927324	1.0	-0.11307541041763793
Default Mode Network	-0.3489143897744882	-0.36905371274014415	-0.7600851375141395	-0.6973399807182612	0.4753142963259749	-0.11307541041763793	1.0
