Node	Visual Network	Somatomotor Network	Dorsal Attention Network	Ventral Attention (or Salience) Network	Limbic Network	Frontoparietal (Control) Network	Default Mode Network
Visual Network	1.0	-0.019500296439206505	0.07911365661731892	0.11818953411427911	-0.24093341710246452	-0.391199190255491	-0.5195052987614148
Somatomotor Network	-0.019500296439206505	1.0	0.19308981885829266	0.6056141149851605	0.2873780969491033	-0.13469769899930462	-0.5563850494328404
Dorsal Attention Network	0.07911365661731892	0.19308981885829266	1.0	0.4595354893800244	-0.21269473813525233	0.3128322495203176	-0.6074771631227607
Ventral Attention (or Salience) Network	0.11818953411427911	0.6056141149851605	0.4595354893800244	1.0	0.1363760338545741	0.11123104808874955	-0.7062563271132477
Limbic Network	-0.24093341710246452	0.2873780969491033	-0.21269473813525233	0.1363760338545741	1.0	-0.19221803311733945	0.1284022277824296
Frontoparietal (Control) Network	-0.391199190255491	-0.13469769899930462	0.3128322495203176	0.11123104808874955	-0.19221803311733945	1.0	0.011119796513356813
Default Mode Network	-0.5195052987614148	-0.5563850494328404	-0.6074771631227607	-0.7062563271132477	0.1284022277824296	0.011119796513356813	1.0
