Node	Visual Network	Somatomotor Network	Dorsal Attention Network	Ventral Attention (or Salience) Network	Limbic Network	Frontoparietal (Control) Network	Default Mode Network
Visual Network	1.0	0.23631255262994905	0.06639032252252018	0.22131182121286697	-0.27357482716826786	-0.38457870872446254	-0.24435129044998638
Somatomotor Network	0.23631255262994905	1.0	-0.10137096200694153	0.6857042586058827	0.099959273889671	-0.411128847560469	-0.31848315113604747
Dorsal Attention Network	0.06639032252252018	-0.10137096200694153	1.0	0.03286234361858102	-0.5670271769799409	0.32768136908912127	-0.739040745447343
Ventral Attention (or Salience) Network	0.22131182121286697	0.6857042586058827	0.03286234361858102	1.0	-0.1198128943792924	-0.3586785260907774	-0.3855615634216101
Limbic Network	-0.27357482716826786	0.099959273889671	-0.5670271769799409	-0.1198128943792924	1.0	-0.17815011049257756	0.4877112948815903
Frontoparietal (Control) Network	-0.38457870872446254	-0.411128847560469	0.32768136908912127	-0.3586785260907774	-0.17815011049257756	1.0	-0.3051188615313521
Default Mode Network	-0.24435129044998638	-0.31848315113604747	-0.739040745447343	-0.3855615634216101	0.4877112948815903	-0.3051188615313521	1.0
