Node	Visual Network	Somatomotor Network	Dorsal Attention Network	Ventral Attention (or Salience) Network	Limbic Network	Frontoparietal (Control) Network	Default Mode Network
Visual Network	1.0	0.6439697746335694	0.15007961724780852	0.033191267414808795	-0.33006668506440767	-0.5366138693024386	-0.3272837590377121
Somatomotor Network	0.6439697746335694	1.0	-0.034091179280784166	-0.2738688099272703	-0.21410806659666867	-0.552090927137192	-0.17628465252269476
Dorsal Attention Network	0.15007961724780852	-0.034091179280784166	1.0	0.5022609365359716	0.12674011855556025	0.4495407581066556	-0.3697058392705979
Ventral Attention (or Salience) Network	0.033191267414808795	-0.2738688099272703	0.5022609365359716	1.0	0.026849040555391446	0.43576883720220744	-0.3733176199154048
Limbic Network	-0.33006668506440767	-0.21410806659666867	0.12674011855556025	0.026849040555391446	1.0	0.4177379775783145	0.30142823275099745
Frontoparietal (Control) Network	-0.5366138693024386	-0.552090927137192	0.4495407581066556	0.43576883720220744	0.4177379775783145	1.0	0.07728824377025131
Default Mode Network	-0.3272837590377121	-0.17628465252269476	-0.3697058392705979	-0.3733176199154048	0.30142823275099745	0.07728824377025131	1.0
