Node	Visual Network	Somatomotor Network	Dorsal Attention Network	Ventral Attention (or Salience) Network	Limbic Network	Frontoparietal (Control) Network	Default Mode Network
Visual Network	1.0	0.3445028337936508	0.11174752274993417	0.40315237779627605	-0.3255170776978256	-0.31482316237115215	-0.4083716893497268
Somatomotor Network	0.3445028337936508	1.0	0.14562460116811024	0.5350925657228324	0.003067447521283789	-0.45439101142575916	-0.32425850670002687
Dorsal Attention Network	0.11174752274993417	0.14562460116811024	1.0	0.2703657447865281	-0.44108836114986616	0.28364540370991836	-0.6315257169612342
Ventral Attention (or Salience) Network	0.40315237779627605	0.5350925657228324	0.2703657447865281	1.0	-0.3308203584862211	0.013569395105305594	-0.6291687835538047
Limbic Network	-0.3255170776978256	0.003067447521283789	-0.44108836114986616	-0.3308203584862211	1.0	-0.3441151224693286	0.6342039722084194
Frontoparietal (Control) Network	-0.31482316237115215	-0.45439101142575916	0.28364540370991836	0.013569395105305594	-0.3441151224693286	1.0	-0.3577511633468069
Default Mode Network	-0.4083716893497268	-0.32425850670002687	-0.6315257169612342	-0.6291687835538047	0.6342039722084194	-0.3577511633468069	1.0
