Node	Visual Network	Somatomotor Network	Dorsal Attention Network	Ventral Attention (or Salience) Network	Limbic Network	Frontoparietal (Control) Network	Default Mode Network
Visual Network	1.0	0.1453722476405783	-0.3293667020410729	-0.33553929501105545	0.4835955472497057	-0.3392668442964671	0.48549016278271834
Somatomotor Network	0.1453722476405783	1.0	0.5822648770731056	0.5420374648494303	-0.08604507022332421	0.008090343806453256	-0.4730060705629803
Dorsal Attention Network	-0.3293667020410729	0.5822648770731056	1.0	0.7098383425820542	-0.41215382950322305	0.5121844684702793	-0.6869519730561535
Ventral Attention (or Salience) Network	-0.33553929501105545	0.5420374648494303	0.7098383425820542	1.0	-0.24612693672656563	0.4796587035686163	-0.7575162381006358
Limbic Network	0.4835955472497057	-0.08604507022332421	-0.41215382950322305	-0.24612693672656563	1.0	-0.13246096630790022	0.5995243232638771
Frontoparietal (Control) Network	-0.3392668442964671	0.008090343806453256	0.5121844684702793	0.4796587035686163	-0.13246096630790022	1.0	-0.2410629317652946
Default Mode Network	0.48549016278271834	-0.4730060705629803	-0.6869519730561535	-0.7575162381006358	0.5995243232638771	-0.2410629317652946	1.0
