Node	Visual Network	Somatomotor Network	Dorsal Attention Network	Ventral Attention (or Salience) Network	Limbic Network	Frontoparietal (Control) Network	Default Mode Network
Visual Network	1.0	0.3984172841768796	0.0011101482660520645	0.04361652739518561	0.14049237897574451	-0.5448213998167422	-0.07416180128367751
Somatomotor Network	0.3984172841768796	1.0	-0.3739467060063774	0.31271319958079025	0.06688340444830937	-0.5899172541927118	-0.06972776756612442
Dorsal Attention Network	0.0011101482660520645	-0.3739467060063774	1.0	0.09667353317073689	-0.12359302676232081	0.48350514501032976	-0.6924168523159319
Ventral Attention (or Salience) Network	0.04361652739518561	0.31271319958079025	0.09667353317073689	1.0	0.09810573207484827	-0.22225346118902872	-0.4485631040597891
Limbic Network	0.14049237897574451	0.06688340444830937	-0.12359302676232081	0.09810573207484827	1.0	-0.1308361284792152	0.09679043597196979
Frontoparietal (Control) Network	-0.5448213998167422	-0.5899172541927118	0.48350514501032976	-0.22225346118902872	-0.1308361284792152	1.0	-0.3936082415827023
Default Mode Network	-0.07416180128367751	-0.06972776756612442	-0.6924168523159319	-0.4485631040597891	0.09679043597196979	-0.3936082415827023	1.0
