Node	Visual Network	Somatomotor Network	Dorsal Attention Network	Ventral Attention (or Salience) Network	Limbic Network	Frontoparietal (Control) Network	Default Mode Network
Visual Network	1.0	-0.5334668023965811	0.08899067759128683	-0.5519818759654217	-0.47123860527284017	-0.3801122789197573	-0.30641726041116646
Somatomotor Network	-0.5334668023965811	1.0	-0.07013908230637617	0.8140888892057299	0.2314563937546796	-0.11582846923079108	-0.0743543674771001
Dorsal Attention Network	0.08899067759128683	-0.07013908230637617	1.0	0.06147866095044407	-0.5013522497850644	0.540904449206579	-0.8172903475714726
Ventral Attention (or Salience) Network	-0.5519818759654217	0.8140888892057299	0.06147866095044407	1.0	0.16114895970569423	-0.030014663747217653	-0.08990580757722182
Limbic Network	-0.47123860527284017	0.2314563937546796	-0.5013522497850644	0.16114895970569423	1.0	-0.29505834342196063	0.672155837229667
Frontoparietal (Control) Network	-0.3801122789197573	-0.11582846923079108	0.540904449206579	-0.030014663747217653	-0.29505834342196063	1.0	-0.417333163485593
Default Mode Network	-0.30641726041116646	-0.0743543674771001	-0.8172903475714726	-0.08990580757722182	0.672155837229667	-0.417333163485593	1.0
