Node	Visual Network	Somatomotor Network	Dorsal Attention Network	Ventral Attention (or Salience) Network	Limbic Network	Frontoparietal (Control) Network	Default Mode Network
Visual Network	1.0	-0.30515159364152256	0.2231015656055408	-0.01365734042480928	-0.5439279846707126	-0.4664580429256328	-0.5224372951718873
Somatomotor Network	-0.30515159364152256	1.0	-0.039233481932886	0.6339273334004091	0.31232739623176775	-0.3351436868852706	0.03423531832954213
Dorsal Attention Network	0.2231015656055408	-0.039233481932886	1.0	0.15301315305397484	-0.37901749885413216	0.15312357781816488	-0.7003407303388556
Ventral Attention (or Salience) Network	-0.01365734042480928	0.6339273334004091	0.15301315305397484	1.0	-0.15939489353853772	-0.40894473143691135	-0.4139424310927681
Limbic Network	-0.5439279846707126	0.31232739623176775	-0.37901749885413216	-0.15939489353853772	1.0	0.021881905966571573	0.5207569904348639
Frontoparietal (Control) Network	-0.4664580429256328	-0.3351436868852706	0.15312357781816488	-0.40894473143691135	0.021881905966571573	1.0	0.19067063280529717
Default Mode Network	-0.5224372951718873	0.03423531832954213	-0.7003407303388556	-0.4139424310927681	0.5207569904348639	0.19067063280529717	1.0
