Node	Visual Network	Somatomotor Network	Dorsal Attention Network	Ventral Attention (or Salience) Network	Limbic Network	Frontoparietal (Control) Network	Default Mode Network
Visual Network	1.0	-0.42522181910156864	-0.40379340340380543	-0.45996608606743894	-0.31672311605973824	-0.4474126535088274	0.022347333914573234
Somatomotor Network	-0.42522181910156864	1.0	0.22256041096349655	0.5102302636949273	0.2704708922464865	-0.23656417921295855	-0.1419721044758939
Dorsal Attention Network	-0.40379340340380543	0.22256041096349655	1.0	0.6842898708128575	-0.30191123477239284	0.4470616043636164	-0.5398129013352398
Ventral Attention (or Salience) Network	-0.45996608606743894	0.5102302636949273	0.6842898708128575	1.0	-0.041209333353407485	0.17387930706085641	-0.6169614375581257
Limbic Network	-0.31672311605973824	0.2704708922464865	-0.30191123477239284	-0.041209333353407485	1.0	-0.11532148998158083	0.2839218204977084
Frontoparietal (Control) Network	-0.4474126535088274	-0.23656417921295855	0.4470616043636164	0.17387930706085641	-0.11532148998158083	1.0	-0.1413104246264458
Default Mode Network	0.022347333914573234	-0.1419721044758939	-0.5398129013352398	-0.6169614375581257	0.2839218204977084	-0.1413104246264458	1.0
