Node	Visual Network	Somatomotor Network	Dorsal Attention Network	Ventral Attention (or Salience) Network	Limbic Network	Frontoparietal (Control) Network	Default Mode Network
Visual Network	1.0	0.03652049518478026	-0.1271967278049843	0.08285458965462313	-0.0688419179427104	-0.2626189491909978	0.025104322804842844
Somatomotor Network	0.03652049518478026	1.0	-0.3168524723925438	0.3894222216079839	0.3923337888263125	-0.47809564229659923	-0.06709729963349237
Dorsal Attention Network	-0.1271967278049843	-0.3168524723925438	1.0	0.3485952331855204	-0.3719310676789263	0.6549121020860915	-0.7967721094497945
Ventral Attention (or Salience) Network	0.08285458965462313	0.3894222216079839	0.3485952331855204	1.0	-0.11291396814458238	-0.0397982387636101	-0.5638523628623535
Limbic Network	-0.0688419179427104	0.3923337888263125	-0.3719310676789263	-0.11291396814458238	1.0	-0.4770017491306156	0.4796359687530472
Frontoparietal (Control) Network	-0.2626189491909978	-0.47809564229659923	0.6549121020860915	-0.0397982387636101	-0.4770017491306156	1.0	-0.48270803538361523
Default Mode Network	0.025104322804842844	-0.06709729963349237	-0.7967721094497945	-0.5638523628623535	0.4796359687530472	-0.48270803538361523	1.0
