Node	Visual Network	Somatomotor Network	Dorsal Attention Network	Ventral Attention (or Salience) Network	Limbic Network	Frontoparietal (Control) Network	Default Mode Network
Visual Network	1.0	0.14000490702943072	-0.18837225245734124	-0.23560291689959975	-0.23780420507356992	-0.3804057883050054	-0.1494673796136921
Somatomotor Network	0.14000490702943072	1.0	0.10753961948715161	0.4863249139305793	-0.07204626819096784	-0.22711077532292673	-0.6414294422584026
Dorsal Attention Network	-0.18837225245734124	0.10753961948715161	1.0	0.18916332289273372	-0.14269386559557992	0.4752984556363462	-0.5857205590507701
Ventral Attention (or Salience) Network	-0.23560291689959975	0.4863249139305793	0.18916332289273372	1.0	-0.1941657007793855	-0.10365440614189514	-0.6444902862512839
Limbic Network	-0.23780420507356992	-0.07204626819096784	-0.14269386559557992	-0.1941657007793855	1.0	-0.06911040701450055	0.3183695222061592
Frontoparietal (Control) Network	-0.3804057883050054	-0.22711077532292673	0.4752984556363462	-0.10365440614189514	-0.06911040701450055	1.0	-0.12001974264315012
Default Mode Network	-0.1494673796136921	-0.6414294422584026	-0.5857205590507701	-0.6444902862512839	0.3183695222061592	-0.12001974264315012	1.0
