Node	Visual Network	Somatomotor Network	Dorsal Attention Network	Ventral Attention (or Salience) Network	Limbic Network	Frontoparietal (Control) Network	Default Mode Network
Visual Network	1.0	-0.2552283855110025	0.1991953340600071	-0.39247683574949727	-0.34145138938663383	-0.3078296911576016	-0.35369852865350204
Somatomotor Network	-0.2552283855110025	1.0	0.3614800746714772	0.6518899403934746	-0.18044874457469837	-0.2670237746585757	-0.28990259686696035
Dorsal Attention Network	0.1991953340600071	0.3614800746714772	1.0	0.5631533061393544	-0.290969751297274	0.04925982918190221	-0.7924148293964763
Ventral Attention (or Salience) Network	-0.39247683574949727	0.6518899403934746	0.5631533061393544	1.0	-0.15999629279380487	0.24561664456206952	-0.5050696471461202
Limbic Network	-0.34145138938663383	-0.18044874457469837	-0.290969751297274	-0.15999629279380487	1.0	-0.3124364883912066	0.5060341118431064
Frontoparietal (Control) Network	-0.3078296911576016	-0.2670237746585757	0.04925982918190221	0.24561664456206952	-0.3124364883912066	1.0	-0.20062518085766937
Default Mode Network	-0.35369852865350204	-0.28990259686696035	-0.7924148293964763	-0.5050696471461202	0.5060341118431064	-0.20062518085766937	1.0
