Node	Visual Network	Somatomotor Network	Dorsal Attention Network	Ventral Attention (or Salience) Network	Limbic Network	Frontoparietal (Control) Network	Default Mode Network
Visual Network	1.0	0.010423450957139516	0.2081099515411365	-0.018517505812503544	-0.13734640223282885	-0.4090211428291576	-0.27807257176096534
Somatomotor Network	0.010423450957139516	1.0	0.1946132287505838	0.46278374260795735	-0.04450963028314405	-0.5532542088457866	-0.4743030321470998
Dorsal Attention Network	0.2081099515411365	0.1946132287505838	1.0	-0.09921257545182754	0.15204371945342787	-0.22832215643580886	-0.32063566605725524
Ventral Attention (or Salience) Network	-0.018517505812503544	0.46278374260795735	-0.09921257545182754	1.0	-0.2535963325104376	-0.1591519736371166	-0.5195373625973138
Limbic Network	-0.13734640223282885	-0.04450963028314405	0.15204371945342787	-0.2535963325104376	1.0	-0.014446165190492272	0.43633477753362326
Frontoparietal (Control) Network	-0.4090211428291576	-0.5532542088457866	-0.22832215643580886	-0.1591519736371166	-0.014446165190492272	1.0	0.19697764317326538
Default Mode Network	-0.27807257176096534	-0.4743030321470998	-0.32063566605725524	-0.5195373625973138	0.43633477753362326	0.19697764317326538	1.0
