Node	Visual Network	Somatomotor Network	Dorsal Attention Network	Ventral Attention (or Salience) Network	Limbic Network	Frontoparietal (Control) Network	Default Mode Network
Visual Network	1.0	-0.33731774711001133	-0.0634118496045415	0.01953506720618497	0.03107545827190395	-0.3596334934432426	-0.10982410239259426
Somatomotor Network	-0.33731774711001133	1.0	0.3109284145273289	0.6501823506739243	-0.1789342876863932	-0.04691439014544281	-0.451603787547382
Dorsal Attention Network	-0.0634118496045415	0.3109284145273289	1.0	0.5149678563515443	-0.40871387552269617	0.32409847677097275	-0.7689177757567708
Ventral Attention (or Salience) Network	0.01953506720618497	0.6501823506739243	0.5149678563515443	1.0	-0.224526799321902	0.0787812562078805	-0.7470763021456793
Limbic Network	0.03107545827190395	-0.1789342876863932	-0.40871387552269617	-0.224526799321902	1.0	-0.22064681262881206	0.4860893693502123
Frontoparietal (Control) Network	-0.3596334934432426	-0.04691439014544281	0.32409847677097275	0.0787812562078805	-0.22064681262881206	1.0	-0.284362868724954
Default Mode Network	-0.10982410239259426	-0.451603787547382	-0.7689177757567708	-0.7470763021456793	0.4860893693502123	-0.284362868724954	1.0
