Node	Visual Network	Somatomotor Network	Dorsal Attention Network	Ventral Attention (or Salience) Network	Limbic Network	Frontoparietal (Control) Network	Default Mode Network
Visual Network	1.0	-0.20341997236175538	0.16022088624382552	0.21395792943156966	-0.31870896467011733	-0.1497920679839165	-0.5093454183173841
Somatomotor Network	-0.20341997236175538	1.0	-0.044640809691722454	0.20219828112411262	0.1163493514310321	-0.462227748097319	-0.02115709722692307
Dorsal Attention Network	0.16022088624382552	-0.044640809691722454	1.0	0.34206048929844707	-0.3539531716079298	-0.008905722432681503	-0.5634187068901257
Ventral Attention (or Salience) Network	0.21395792943156966	0.20219828112411262	0.34206048929844707	1.0	-0.26412338376982497	0.17286853028529317	-0.526389205466252
Limbic Network	-0.31870896467011733	0.1163493514310321	-0.3539531716079298	-0.26412338376982497	1.0	-0.294295746077095	0.5551770456340108
Frontoparietal (Control) Network	-0.1497920679839165	-0.462227748097319	-0.008905722432681503	0.17286853028529317	-0.294295746077095	1.0	-0.14357886664240346
Default Mode Network	-0.5093454183173841	-0.02115709722692307	-0.5634187068901257	-0.526389205466252	0.5551770456340108	-0.14357886664240346	1.0
