Node	Visual Network	Somatomotor Network	Dorsal Attention Network	Ventral Attention (or Salience) Network	Limbic Network	Frontoparietal (Control) Network	Default Mode Network
Visual Network	1.0	0.06851071207043632	0.0032394167588263956	-0.4770817099759642	-0.07008325485410265	-0.33065829861694135	0.03477317787139584
Somatomotor Network	0.06851071207043632	1.0	0.36485491189057373	0.5424773517056924	-0.20238474653794966	-0.47805448316176596	-0.44768291479889516
Dorsal Attention Network	0.0032394167588263956	0.36485491189057373	1.0	0.387000670168237	-0.34256826586675065	-0.0027660386022930524	-0.6616574331735454
Ventral Attention (or Salience) Network	-0.4770817099759642	0.5424773517056924	0.387000670168237	1.0	-0.4878176230901465	0.24318431181224745	-0.7602471068198436
Limbic Network	-0.07008325485410265	-0.20238474653794966	-0.34256826586675065	-0.4878176230901465	1.0	-0.44585971539926567	0.743237102140125
Frontoparietal (Control) Network	-0.33065829861694135	-0.47805448316176596	-0.0027660386022930524	0.24318431181224745	-0.44585971539926567	1.0	-0.3457243331620763
Default Mode Network	0.03477317787139584	-0.44768291479889516	-0.6616574331735454	-0.7602471068198436	0.743237102140125	-0.3457243331620763	1.0
