Node	Visual Network	Somatomotor Network	Dorsal Attention Network	Ventral Attention (or Salience) Network	Limbic Network	Frontoparietal (Control) Network	Default Mode Network
Visual Network	1.0	0.10264791695860867	-0.02545164762451838	-0.0558810007898152	-0.35998249622357076	-0.5446817614068663	-0.37401937996629986
Somatomotor Network	0.10264791695860867	1.0	0.16864922929828333	0.4676717278659422	-0.14471887462296237	-0.5426358852812139	-0.3392737767008406
Dorsal Attention Network	-0.02545164762451838	0.16864922929828333	1.0	0.1747133007860574	-0.4723549566856952	0.09251153280883354	-0.5420299184320861
Ventral Attention (or Salience) Network	-0.0558810007898152	0.4676717278659422	0.1747133007860574	1.0	-0.21316855247218813	-0.142382219404238	-0.4943709091908179
Limbic Network	-0.35998249622357076	-0.14471887462296237	-0.4723549566856952	-0.21316855247218813	1.0	-0.015671586915193658	0.6013323253893519
Frontoparietal (Control) Network	-0.5446817614068663	-0.5426358852812139	0.09251153280883354	-0.142382219404238	-0.015671586915193658	1.0	0.28650837623472136
Default Mode Network	-0.37401937996629986	-0.3392737767008406	-0.5420299184320861	-0.4943709091908179	0.6013323253893519	0.28650837623472136	1.0
