Node	Visual Network	Somatomotor Network	Dorsal Attention Network	Ventral Attention (or Salience) Network	Limbic Network	Frontoparietal (Control) Network	Default Mode Network
Visual Network	1.0	0.6406219519339255	0.07331414544936267	0.06701641453831882	-0.2350939821758059	-0.5776486445628495	-0.33565351763721435
Somatomotor Network	0.6406219519339255	1.0	0.23082369350126722	0.29004286708978055	-0.17106355580307875	-0.7101329421264585	-0.4099928221048925
Dorsal Attention Network	0.07331414544936267	0.23082369350126722	1.0	0.5032919544395483	-0.4342272160220487	0.11698843189380899	-0.6861044558341437
Ventral Attention (or Salience) Network	0.06701641453831882	0.29004286708978055	0.5032919544395483	1.0	-0.3504555088054991	0.01348130053067097	-0.7092004591822347
Limbic Network	-0.2350939821758059	-0.17106355580307875	-0.4342272160220487	-0.3504555088054991	1.0	-0.17324757144644332	0.5394726274928469
Frontoparietal (Control) Network	-0.5776486445628495	-0.7101329421264585	0.11698843189380899	0.01348130053067097	-0.17324757144644332	1.0	0.06151114345444079
Default Mode Network	-0.33565351763721435	-0.4099928221048925	-0.6861044558341437	-0.7092004591822347	0.5394726274928469	0.06151114345444079	1.0
