Node	Visual Network	Somatomotor Network	Dorsal Attention Network	Ventral Attention (or Salience) Network	Limbic Network	Frontoparietal (Control) Network	Default Mode Network
Visual Network	1.0	0.3483465099025939	-0.006005979952287915	0.024621938534397543	-0.20888711574436614	-0.5198659160984906	-0.18739950117800588
Somatomotor Network	0.3483465099025939	1.0	-0.10500176574499914	0.36926648345715973	-0.19350724062487443	-0.40687134020651833	-0.36331964529832445
Dorsal Attention Network	-0.006005979952287915	-0.10500176574499914	1.0	0.535466517506012	-0.3202496069627211	0.40941831706173415	-0.6828954417690927
Ventral Attention (or Salience) Network	0.024621938534397543	0.36926648345715973	0.535466517506012	1.0	-0.43930669643414827	0.2147166250890845	-0.8210673171918551
Limbic Network	-0.20888711574436614	-0.19350724062487443	-0.3202496069627211	-0.43930669643414827	1.0	-0.36609494422826866	0.5730816314541209
Frontoparietal (Control) Network	-0.5198659160984906	-0.40687134020651833	0.40941831706173415	0.2147166250890845	-0.36609494422826866	1.0	-0.4039085519920385
Default Mode Network	-0.18739950117800588	-0.36331964529832445	-0.6828954417690927	-0.8210673171918551	0.5730816314541209	-0.4039085519920385	1.0
