Node	Visual Network	Somatomotor Network	Dorsal Attention Network	Ventral Attention (or Salience) Network	Limbic Network	Frontoparietal (Control) Network	Default Mode Network
Visual Network	1.0	-0.14925774041024428	0.018587788215898814	-0.042341559544056544	-0.31743757525057775	-0.4495638616979656	-0.41717280616005686
Somatomotor Network	-0.14925774041024428	1.0	-0.007432098594949996	0.437488437024766	-0.20979127943230988	-0.24411294168035974	-0.2671195972264698
Dorsal Attention Network	0.018587788215898814	-0.007432098594949996	1.0	0.5095986630118505	-0.26583711158768625	-0.0846593912724615	-0.5426108003681456
Ventral Attention (or Salience) Network	-0.042341559544056544	0.437488437024766	0.5095986630118505	1.0	-0.6031952333125981	-0.12679764735060522	-0.6644132610813708
Limbic Network	-0.31743757525057775	-0.20979127943230988	-0.26583711158768625	-0.6031952333125981	1.0	0.03314754172404629	0.7030341140713732
Frontoparietal (Control) Network	-0.4495638616979656	-0.24411294168035974	-0.0846593912724615	-0.12679764735060522	0.03314754172404629	1.0	0.22840303622876612
Default Mode Network	-0.41717280616005686	-0.2671195972264698	-0.5426108003681456	-0.6644132610813708	0.7030341140713732	0.22840303622876612	1.0
