Node	Visual Network	Somatomotor Network	Dorsal Attention Network	Ventral Attention (or Salience) Network	Limbic Network	Frontoparietal (Control) Network	Default Mode Network
Visual Network	1.0	0.5476044551349554	-0.030292650176465097	0.4049532253064023	-0.30915363499106424	-0.2846554736864746	-0.35229932898255195
Somatomotor Network	0.5476044551349554	1.0	0.2124618455558707	0.5263345547029298	-0.5188546305570138	-0.30316644525482916	-0.7509164360991812
Dorsal Attention Network	-0.030292650176465097	0.2124618455558707	1.0	0.29619590958803393	-0.3469781985422215	-0.004427564450559162	-0.32042411134505155
Ventral Attention (or Salience) Network	0.4049532253064023	0.5263345547029298	0.29619590958803393	1.0	-0.570316896222277	0.10199497582500427	-0.7621475612537852
Limbic Network	-0.30915363499106424	-0.5188546305570138	-0.3469781985422215	-0.570316896222277	1.0	-0.03929973242050347	0.6982389023765413
Frontoparietal (Control) Network	-0.2846554736864746	-0.30316644525482916	-0.004427564450559162	0.10199497582500427	-0.03929973242050347	1.0	0.01426867403414594
Default Mode Network	-0.35229932898255195	-0.7509164360991812	-0.32042411134505155	-0.7621475612537852	0.6982389023765413	0.01426867403414594	1.0
