Node	Visual Network	Somatomotor Network	Dorsal Attention Network	Ventral Attention (or Salience) Network	Limbic Network	Frontoparietal (Control) Network	Default Mode Network
Visual Network	1.0	0.16086039102651417	0.22768640435054693	0.13758525472984276	-0.23402388121789477	-0.622244965264151	-0.41872508659022845
Somatomotor Network	0.16086039102651417	1.0	0.04549369959731394	0.5388109757527911	-0.24992786809182604	-0.6130969448863324	-0.3549540690827946
Dorsal Attention Network	0.22768640435054693	0.04549369959731394	1.0	0.3687850378463417	-0.5864621723727181	0.035127132793943604	-0.7622188336982123
Ventral Attention (or Salience) Network	0.13758525472984276	0.5388109757527911	0.3687850378463417	1.0	-0.5542468874852411	-0.29050893088388163	-0.6148183337193085
Limbic Network	-0.23402388121789477	-0.24992786809182604	-0.5864621723727181	-0.5542468874852411	1.0	0.04794788915203028	0.7092155513010595
Frontoparietal (Control) Network	-0.622244965264151	-0.6130969448863324	0.035127132793943604	-0.29050893088388163	0.04794788915203028	1.0	0.3107291943541087
Default Mode Network	-0.41872508659022845	-0.3549540690827946	-0.7622188336982123	-0.6148183337193085	0.7092155513010595	0.3107291943541087	1.0
