Node	Visual Network	Somatomotor Network	Dorsal Attention Network	Ventral Attention (or Salience) Network	Limbic Network	Frontoparietal (Control) Network	Default Mode Network
Visual Network	1.0	0.06384423598862457	0.19879380147698764	0.2491472654709006	-0.3781057369489032	-0.3393416885273901	-0.5176603922506122
Somatomotor Network	0.06384423598862457	1.0	0.11135520914869744	0.526854063748733	0.10971384385211899	-0.49151876027142116	-0.15674710779483783
Dorsal Attention Network	0.19879380147698764	0.11135520914869744	1.0	0.37382854360441486	-0.137028240055021	0.11640559774567268	-0.6239856187499864
Ventral Attention (or Salience) Network	0.2491472654709006	0.526854063748733	0.37382854360441486	1.0	-0.39733452721334095	0.002301741538107768	-0.6745140315026038
Limbic Network	-0.3781057369489032	0.10971384385211899	-0.137028240055021	-0.39733452721334095	1.0	-0.23913196490148558	0.6262185956826165
Frontoparietal (Control) Network	-0.3393416885273901	-0.49151876027142116	0.11640559774567268	0.002301741538107768	-0.23913196490148558	1.0	-0.18336101093723745
Default Mode Network	-0.5176603922506122	-0.15674710779483783	-0.6239856187499864	-0.6745140315026038	0.6262185956826165	-0.18336101093723745	1.0
